<?xml version="1.0" encoding="utf-8" standalone="no" ?>
<modDesc descVersion="80">
    <author>Dr4K4n</author>
    <version>1.0.0.0</version>
    <multiplayer supported="true" />

    <title>
        <en>Ignition Lock Support</en>
        <de>Zündschloss Unterstützung</de>
    </title>

    <description>
        <en>
<![CDATA[
Allows to add separate key bindings to start and stop the engine.
By default the game only allows to bind one key to toogle the engine.
This mod is intended to be used with the FS25 collectors edition ignition lock.

https://github.com/Dr4K4n/FS22_IignitionLockSupport
]]>
        </en>
        <de>
<![CDATA[
Ermöglicht das Hinzufügen separater Tastenkombinationen zum Starten und Stoppen des Motors. 
Standardmässig unterstützt das Spiel nur eine Taste um den Motor zu starten oder zu stoppen.
Dieser Mod wurde entwickelt um das Zündschloss der FS25 Collectors Edition verwenden zu können.

https://github.com/Dr4K4n/FS22_IignitionLockSupport
]]>
        </de>
    </description>

    <iconFilename>icon_ignitionLockSupport.dds</iconFilename>

    <actions>
        <action name="ilsMotorStart" category="VEHICLE" axisType="HALF" />
        <action name="ilsMotorStop" category="VEHICLE" axisType="HALF" />
    </actions>

    <extraSourceFiles>
        <sourceFile filename="ignitionLockSupport.lua" />
    </extraSourceFiles>

    <l10n>
        <text name="input_ilsMotorStart">
            <en>Motorstate On</en>
            <de>Motorzustand An</de>
        </text>
        <text name="input_ilsMotorStop">
            <en>Motorstate Off</en>
            <de>Motorzustand Aus</de>
        </text>
    </l10n>
</modDesc>